Contry Name (Mandatory field),Country Code (Mandatory field),BCG Policy First Year,BCG Policy Last Year,Is it mandatory for all children?
Afghanistan,AF,,,yes
Albania,AL,,,yes
Algeria,DZ,,,yes
American Samoa,AS,,,
Andorra,AD,,,
Angola,AO,1979,,yes
Anguilla,AI,,,
Antigua and Barbuda,AG,,,
Argentina,AR,,1995,yes
Argentina,AR,1995,2007,yes
Argentina,AR,2007,ongoing,
Armenia,AM,1998,N/A,yes
Aruba,AW,,,
Australia,AU,1950s,mid 1980s,yes
Australia,AU,mid 1980s,ongoing,no
Austria,AT,1952,1989,yes
Austria,AT,1990,ongoing,no
Azerbaijan,AZ,,,
"Bahamas, The",BS,,,
Bahrain,BH,,,
Bangladesh,BD,1979,N/A,yes
Barbados,BB,,,yes
Belarus,BY,,2016,yes
Belarus,BY,2016,ongoing,yes
Belgium,BE,N/A,N/A,no
Belize,BZ,,,yes
Benin,BJ,,,yes
Bermuda,BM,,,
Bhutan,BT,1979,2009,yes
Bhutan,BT,2009,ongoing,yes
Bolivia,BO,,,yes
"Bonaire, Saint Eustatius and Saba",BQ,,,
Bosnia and Herzegovina,BA,1950,1996,yes
Bosnia and Herzegovina,BA,1996,ongoing,yes
Botswana,BW,,,yes
Brazil,BR,1927,1968,
Brazil,BR,1968,1994,yes
Brazil,BR,1994,2006,yes
Brazil,BR,2006,ongoing,yes
Brunei Darussalam,BN,,,
Bulgaria,BG,1951,ongoing,yes
Burkina Faso,BF,,,yes
Burundi,BI,,,yes
Cambodia,KH,UNK,N/A,yes
Cameroon,CM,,N/A,yes
Canada,CA,1933-1954 in some provinces/territories,1960s-70s,yes
Canada,CA,1960s-70s,ongoing,no
Cape Verde,CV,,,yes
Cayman Islands,KY,,,
Central African Republic,CF,,,yes
Chad,TD,,,yes
Chile,CL,1948,2005,yes
Chile,CL,2008,ongoing,yes
China,CN,,N/A,yes
Colombia,CO,1960,N/A,yes
Comoros,KM,,,yes
"Congo, Dem. Rep.",CD,,,yes
"Congo, Rep.",CG,,N/A,yes
Cook Islands,CK,,,
Costa Rica,CR,,,yes
Cote d'Ivoire,CI,,,yes
Croatia,HR,1948,2004,yes
Croatia,HR,2004,2014,yes
Croatia,HR,2014,ongoing,yes
Cuba,CU,,,yes
Curacao,CW,,,
Cyprus,CY,,,
Czech Republic,CZ,1953,1994,yes
Czech Republic,CZ,1994,2010,yes
Czech Republic,CZ,2010,2020,no
Denmark,DK,1946,1986,yes
Denmark,DK,1986,ongoing,no
Djibouti,DJ,,,yes
Dominica,DM,,,yes
Dominican Republic,DO,,,yes
Ecuador,EC,,,
Egypt,EG,,,yes
El Salvador,SV,1970,N/A,yes
Equatorial Guinea,GQ,,,
Eritrea,ER,,,
Estonia,EE,1948,2003,
Estonia,EE,2003,2016,
Estonia,EE,2016,ongoing,
Ethiopia,ET,Early 1980s ,N/A,
Faroe Islands,FO,,,
Fiji,FJ,,,
Finland,FI,1941,1978,yes
Finland,FI,1978,2002,yes
Finland,FI,2002,2006,no
Finland,FI,2006,ongoing,no
France,FR,1950,2004,
France,FR,2004,2007,
France,FR,2007,ongoing,
French Polynesia,PF,,,
Gabon,GA,,,
"Gambia, The",GM,1979,N/A,
Georgia,GE,,,
Germany (East),DE,1951,1975,yes
Germany (East),DE,1975,1998,no
Germany (East),,1998,ongoing,no
Germany (West),DE,1961,1998,yes
Germany (West),,1998,ongoing,no
Ghana,GH,,,
Gibraltar,GI,,,
Greece,GR,,2016,yes
Greece,GR,2016,ongoing,no
Greenland,GL,1955,1990,yes
Greenland,GL,1990,1996,no
Greenland,GL,1996,ongoing,yes
Grenada,GD,,,
Guam,GU,,,
Guatemala,GT,,,yes
Guinea,GN,,,yes
Guinea-Bissau,GW,,,yes
Guyana,GY,,,yes
Haiti,HT,,,yes
Honduras,HN,,,yes
Hong Kong,HK,"1952, 1960s ",2000,yes
Hong Kong,HK,2000,ongoing,yes
Hungary,HU,1953,N/A,yes
Iceland,IS,,,
India,IN,1948,1951-1959,no
India,IN,1951-1959,1978,yes
India,IN,1978,ongoing,yes
Indonesia,ID,1999,N/A,yes
"Iran, Islamic Rep.",IR,1984,1999,yes
"Iran, Islamic Rep.",IR,1999,ongoing,yes
Iraq,IQ,,,yes
Ireland,IE,1950s,1996,yes
Ireland,IE,1996,2002,yes
Ireland,IE,1950s,N/A,yes
Isle of Man,IM,1950s,2005,
Israel,IL,1955,1982,yes
Israel,IL,1982,ongoing,no
Italy ,IT,"1970 (not national, only provincial) ","2011 data: 2001 (not national, only provincial)",no
Jamaica,JM,,,yes
Japan,JP,1942,1948,yes
Japan,JP,1948,1974,yes
Japan,JP,1974,2005,yes
Japan,JP,2005,ongoing,yes
Jordan,JO,,,yes
Kazakhstan,KZ,,,yes
Kenya,KE,,N/A,yes
Kiribati,KI,,,yes
"Korea, Dem. Rep.",KP,,,
"Korea, Rep.",KR,1970s,2007,yes
"Korea, Rep.",KR,2007,ongoing,yes
Kosovo,XK,,,
Kuwait,KW,,2005,yes
Kuwait,KW,2005,ongoing,yes
Kyrgyz Republic,KG,,,yes
Lao PDR,LA,,,yes
Latvia,LV,"1940s (Non-systematic vaccination began in the 1920s); According to 2011 data, 1962",1991,yes
Latvia,LV,1991,2005,yes
Latvia,LV,2005,ongoing,yes
Lebanon,LB,N/A,N/A,
Lesotho,LS,,,yes
Liberia,LR,,,yes
Libya,LY,,,yes
Liechtenstein,LI,,,
Lithuania,LT,,,yes
Luxembourg,LU,,,
"Macao, China",MO,,,
"Macedonia, FYR",MK,1950,2008,yes
"Macedonia, FYR",MK,2008,ongoing,yes
Madagascar,MG,,,yes
Malawi,MW,,,yes
Malaysia,MY,,,yes
Maldives,MV,,,yes
Mali,ML,,,yes
Malta,MT,,,yes
"Marshall Islands, Rep. ",MH,2004,N/A,yes
Mauritania,MR,,,yes
Mauritius,MU,,,yes
Mayotte,YT,,,
Mexico,MX,1951,1998,yes
Mexico,MX,1998,N/A,yes
mexico,UZ,1937,1997,yes
mexico,UZ,1997,ongoing,yes
"Micronesia, Fed. Sts.",FM,,,yes
Moldova,MD,,2014,yes
Moldova,MD,2014,ongoing,yes
Monaco,MC,,,
Mongolia,MN,1948,1992,yes
Mongolia,MN,1992,1997,yes
Mongolia,MN,1997,2003,yes
Mongolia,MN,2003,2006,yes
Mongolia,MN,2006,ongoing,yes
Montenegro,ME,1927 ( but not mass BCG),2005,yes
Montenegro,ME,2005,ongoing,yes
Montserrat,MS,,,
Morocco,MA,,,yes
Mozambique,MZ,,,yes
Myanmar,MM,,,yes
Namibia,NA,,,yes
Nauru,NR,,,
Nepal,NP,,,yes
Netherlands,NL,N/A,N/A,no
New Caledonia,NC,,,
New Zealand,NZ,1976,N/A,no
Nicaragua,NI,,,yes
Niger,NE,,,yes
Nigeria,NG,1991,ongoing,yes
Niue,NU,,,
Northern Mariana Islands,MP,,,
Norway,NO,,2009,yes
Norway,NO,2009,ongoing,no
Oman,OM,,,yes
Pakistan,PK,1978,2007,yes
Pakistan,PK,2007,2007,yes
Palau,PW,,,
Panama,PA,,,yes
Papua New Guinea,PG,,,yes
Paraguay,PY,,,yes
Peru,PE,1945,N/A,yes
Philippines,PH,,,yes
Poland,PL,1955,2005,yes
Poland,PL,2005,onging,yes
Portugal,PT,,2016,yes
Portugal,PT,2016,onging,no
Puerto Rico,PR,,,
Qatar,QA,,,yes
Romania,RO,1928,1992,yes
Romania,RO,1993,ongoing,yes
Russian Federation,RU,,2014,yes
Russian Federation,RU,2014,ongoing,yes
Rwanda,RW,1956,1980,yes
Rwanda,RW,1980,ongoing,yes
Samoa,WS,,,yes
San Marino,SM,,,
Sao Tome and Principe,ST,,,yes
Saudi Arabia,SA,1968,N/A,yes
Senegal,SN,1986,N/A,no
Serbia,RS,1927,?,no
Serbia,RS,?,2005,yes
Serbia,RS,1927 ( but not mass BCG),N/A,yes
Seychelles,SC,,,yes
Sierra Leone,SL,1990,N/A,yes
Singapore,SG,1955,2001,yes
Singapore,SG,2001,ongoing,yes
Sint Maarten (Dutch part),SX,,,
Slovak Republic,SK,1953,1980,yes
Slovak Republic,SK,1980,1992,yes
Slovak Republic,SK,1992,2000,yes
Slovak Republic,SK,2000,2001,yes
Slovak Republic,SK,2001,2004,yes
Slovak Republic,SK,2004,2012,yes
Slovak Republic,SK,2012,ongoing,no
Slovenia,SI,1947,1997,yes
Slovenia,SI,1997,2005,yes
Slovenia,SI,2005,ongoing,no
Solomon Islands,SB,,,
Somalia,SO,,,
South Africa,ZA,1973,2000,
South Africa,ZA,2000,ongoing,
South Sudan,SS,,1981,
Spain,ES,1965,2010,yes
Spain,ES,2010,ongoing,no
Sri Lanka,LK,,,yes
St. Kitts and Nevis,KN,,,yes
St. Lucia,LC,,,yes
St. Martin (french part),MF,,,
St. Vincent and the Grenadines,VC,,,yes
Sudan,SD,1976,N/A,no
Suriname,SR,,,
Swaziland,SZ,,,yes
Sweden,SE,1940,1965,yes
Sweden,SE,1965,1975,yes
Sweden,SE,1975,ongoing,no
Switzerland,CH,,1987,yes
Switzerland,CH,1987,ongoing,no
Syrian Arab Republic,SY,,,
Taiwan ,TW,1951,1958,yes
Taiwan ,TW,1958,1965,yes
Taiwan ,TW,1965,1979,yes
Taiwan ,TW,1979,1997,yes
Taiwan ,TW,1997,ongoing,yes
Tajikistan ,TJ,UNK,1992,yes
Tajikistan ,TJ,1992,ongoing,yes
Tanzania,TZ,1975,N/A,yes
Thailand,TH,1977,1987,yes
Thailand,TH,1987,1991,yes
Thailand,TH,1991,ongoing,yes
Timor-Leste,TL,,,yes
Togo,TG,,,yes
Tonga,TO,,,yes
Trinidad and Tobago,TT,,,
Tunisia,TN,1928,1996,yes
Tunisia,TN,1996,1997,yes
Turkey,TR,1952,1997,yes
Turkey,TR,1952,2006,yes
Turkey,TR,2006,ongoing,yes
Turkmenistan,TM,,,yes
Turks and Caicos Islands,TC,,,
Tuvalu,TV,,,
Uganda,UG,1987,N/A,yes
Ukraine,UA,1962,2015,yes
Ukraine,UA,1962,ongoing,yes
United Arab Emirates,AE,,,yes
United Kingdom,GB,1953,2005,yes
United Kingdom,GB,2005,ongoing,no
United States of America,US,N/A,N/A,no
Uruguay,UY,1980,1993,yes
Uruguay,UY,1993,2008,yes
Uruguay,UY,2008,ongoing,no
Vanuatu,VU,,,
Venezuela,VE,,,
Vietnam,VN,1985,N/A,
Virgin Islands (British),VG,,,
Virgin Islands (U.S.),VI,,,
Wallis and Futuna Islands,WF,,,
West Bank and Gaza,PS,,,
"Yemen, Rep.",YE,,,
Zambia,ZM,,N/A,
Zimbabwe,ZW,,,